Workbook
Name Slicer_Fiscal_Quarter: #N/A
Name Slicer_Fiscal_Quarter1: #N/A
Name Slicer_Fiscal_Year: #N/A
Name Slicer_Fiscal_Year1: #N/A

Sheet Dashboard
AP2: Fiscal Year | AQ2: (All) | AS2: Period End | AT2: Sum of YoY Growth(%) | AV2: Fiscal Quarter | AW2: (All)
AP3: Fiscal Quarter | AQ3: (All) | AS3: 44196 | AT3: 0
AS4: 44286 | AT4: 0 | AV4: Fiscal Year | AW4: Sum of Quarterly Sales(M)
AP5: Period End | AQ5: Sum of Quarterly Sales(M) | AS5: 44377 | AT5: 0 | AV5: 2020 | AW5: 7.8
AP6: 44196 | AQ6: 4.5 | AS6: 44469 | AT6: 0 | AV6: 2021 | AW6: 11.5
AP7: 44286 | AQ7: 3.3 | AS7: 44561 | AT7: -13.33 | AV7: 2022 | AW7: 19.1
AP8: 44377 | AQ8: 2.3 | AS8: 44651 | AT8: -39.39 | AV8: 2023 | AW8: 20.9
AP9: 44469 | AQ9: 3.3 | AS9: 44742 | AT9: 4.35 | AV9: 2024 | AW9: 18.5
AP10: 44561 | AQ10: 3.9 | AS10: 44834 | AT10: 0 | AV10: 2025 | AW10: 15.9
AP11: 44651 | AQ11: 2 | AS11: 44926 | AT11: 82.05 | AV11: 2026 | AW11: 1.6
AP12: 44742 | AQ12: 2.4 | AS12: 45016 | AT12: 215 | AV12: Grand Total | AW12: 95.3
AP13: 44834 | AQ13: 3.3 | AS13: 45107 | AT13: 37.5
AP14: 44926 | AQ14: 7.1 | AS14: 45199 | AT14: 48.48
AP15: 45016 | AQ15: 6.3 | AS15: 45291 | AT15: 15.49
AP16: 45107 | AQ16: 3.3 | AS16: 45382 | AT16: -28.57
AP17: 45199 | AQ17: 4.9 | AS17: 45473 | AT17: -27.27
AP18: 45291 | AQ18: 8.2 | AS18: 45565 | AT18: -22.45
AP19: 45382 | AQ19: 4.5 | AS19: 45657 | AT19: 15.85
AP20: 45473 | AQ20: 2.4 | AS20: 45747 | AT20: -37.78
AP21: 45565 | AQ21: 3.8 | AS21: 45838 | AT21: 4.17
AP22: 45657 | AQ22: 9.5 | AS22: 45930 | AT22: 5.26
AP23: 45747 | AQ23: 2.8 | AS23: 46022 | AT23: -16.84
AP24: 45838 | AQ24: 2.5 | AS24: 46112 | AT24: -46.43
AP25: 45930 | AQ25: 4 | AS25: 46203 | AT25: -36
AP26: 46022 | AQ26: 7.9 | AS26: Grand Total | AT26: 160.09
AP27: 46112 | AQ27: 1.5
AP28: 46203 | AQ28: 1.6
AP29: Grand Total | AQ29: 95.3

Sheet Pivot Data
A1: Fiscal Year | B1: (All) | I1: Fiscal Quarter | J1: (All)
A2: Fiscal Quarter | B2: (All)
I3: Fiscal Year | J3: Sum of Quarterly Sales(M)
A4: Period End | B4: Sum of Quarterly Sales(M) | E4: Period End | F4: Sum of YoY Growth(%) | I4: 2020 | J4: 7.8
A5: 44196 | B5: 4.5 | E5: 44196 | F5: 0 | I5: 2021 | J5: 11.5
A6: 44286 | B6: 3.3 | E6: 44286 | F6: 0 | I6: 2022 | J6: 19.1
A7: 44377 | B7: 2.3 | E7: 44377 | F7: 0 | I7: 2023 | J7: 20.9
A8: 44469 | B8: 3.3 | E8: 44469 | F8: 0 | I8: 2024 | J8: 18.5
A9: 44561 | B9: 3.9 | E9: 44561 | F9: -13.33 | I9: 2025 | J9: 15.9
A10: 44651 | B10: 2 | E10: 44651 | F10: -39.39 | I10: 2026 | J10: 1.6
A11: 44742 | B11: 2.4 | E11: 44742 | F11: 4.35 | I11: Grand Total | J11: 95.3
A12: 44834 | B12: 3.3 | E12: 44834 | F12: 0
A13: 44926 | B13: 7.1 | E13: 44926 | F13: 82.05
A14: 45016 | B14: 6.3 | E14: 45016 | F14: 215
A15: 45107 | B15: 3.3 | E15: 45107 | F15: 37.5
A16: 45199 | B16: 4.9 | E16: 45199 | F16: 48.48
A17: 45291 | B17: 8.2 | E17: 45291 | F17: 15.49
A18: 45382 | B18: 4.5 | E18: 45382 | F18: -28.57
A19: 45473 | B19: 2.4 | E19: 45473 | F19: -27.27
A20: 45565 | B20: 3.8 | E20: 45565 | F20: -22.45
A21: 45657 | B21: 9.5 | E21: 45657 | F21: 15.85
A22: 45747 | B22: 2.8 | E22: 45747 | F22: -37.78
A23: 45838 | B23: 2.5 | E23: 45838 | F23: 4.17
... A27: 46203 | B27: 1.6 | E27: 46203 | F27: -36
A28: Grand Total | B28: 95.3 | E28: Grand Total | F28: 160.09

Sheet Console History
A1: Console | B1: Release Date | C1: Launch Price (USD) | D1: Lifetime Sales(M) | E1: Next Console | F1: Next Release Date | G1: Lifecycle | H1: Lifecycle Years | I1: Average Lifecycle Years
A2: PS1 | B2: 34951 | C2: 299 | D2: 102 | E2: PS2 | F2: 36825 | G2: PS1 -> PS2 | H2: =YEARFRAC(B2,F2) -> 5.1305556 | I2: =AVERAGE(H2:H6) -> 6.29375
A3: PS2 | B3: 36825 | C3: 299.99 | D3: 160 | E3: PS3 | F3: 39038 | G3: PS2 -> PS3 | H3: =YEARFRAC(B3,F3) -> 6.0583333 | I3: =I2 -> 6.29375
A4: PS3 | B4: 39038 | C4: 499.99 | D4: 87 | E4: PS4 | F4: 41593 | G4: PS3 -> PS4 | H4: =YEARFRAC(B4,F4) -> 6.9944444 | I4: =I3 -> 6.29375
A5: PS4 | B5: 41593 | C5: 399.99 | D5: 117 | E5: PS5 | F5: 44147 | G5: PS4 -> PS5 | H5: =YEARFRAC(B5,F5) -> 6.9916667 | I5: =I4 -> 6.29375
A6: PS5 | B6: 44147 | C6: 499.99 | D6: N/A | E6: N/A | F6: N/A | G6: N/A | H6: N/A

Sheet Pricing Analysis
A1: Console | B1: Launch Year | C1: Launch Price | D1: Annual CPI | E1: Real Price(2025) | F1: Real Price Change(%)
A2: PS1 | B2: 1995 | C2: 299 | D2: 152.38333 | E2: 631.7 | F2: N/A
A3: PS2 | B3: 2000 | C3: 299.99 | D3: 172.2 | E3: 560.86 | F3: -11.21
A4: PS3 | B4: 2006 | C4: 499.99 | D4: 201.59167 | E4: 798.49 | F4: 42.37
A5: PS4 | B5: 2013 | C5: 399.99 | D5: 232.95708 | E5: 552.78 | F5: -30.77
A6: PS5 | B6: 2020 | C6: 499.99 | D6: 258.81117 | E6: 621.95 | F6: 12.51
AB8: =INDEX('Pricing Analysis'!E2:E6, MATCH("PS5"

Sheet PS5 Quarterly Sales
A1: Fiscal Year | B1: Fiscal Quarter | C1: Period End | D1: Units Sold | E1: Quarterly Sales(M) | F1: Cumulative Units Sold | G1: Cumulative Sales(M) | H1: QoQ Growth(%) | I1: YoY Growth(%) | J1: Performance Category
A2: 2020 | B2: 3 | C2: 44196 | D2: 4500000 | E2: 4.5 | F2: 4500000 | G2: 4.5 | H2: NULL | I2: NULL | J2: No Prior-Year Comparison
A3: 2020 | B3: 4 | C3: 44286 | D3: 3300000 | E3: 3.3 | F3: 7800000 | G3: 7.8 | H3: -26.67 | I3: NULL | J3: No Prior-Year Comparison
A4: 2021 | B4: 1 | C4: 44377 | D4: 2300000 | E4: 2.3 | F4: 10100000 | G4: 10.1 | H4: -30.3 | I4: NULL | J4: No Prior-Year Comparison
A5: 2021 | B5: 2 | C5: 44469 | D5: 3300000 | E5: 3.3 | F5: 13400000 | G5: 13.4 | H5: 43.48 | I5: NULL | J5: No Prior-Year Comparison
A6: 2021 | B6: 3 | C6: 44561 | D6: 3900000 | E6: 3.9 | F6: 17300000 | G6: 17.3 | H6: 18.18 | I6: -13.33 | J6: Strong Decline
A7: 2021 | B7: 4 | C7: 44651 | D7: 2000000 | E7: 2 | F7: 19300000 | G7: 19.3 | H7: -48.72 | I7: -39.39 | J7: Strong Decline
A8: 2022 | B8: 1 | C8: 44742 | D8: 2400000 | E8: 2.4 | F8: 21700000 | G8: 21.7 | H8: 20 | I8: 4.35 | J8: Moderate Growth
A9: 2022 | B9: 2 | C9: 44834 | D9: 3300000 | E9: 3.3 | F9: 25000000 | G9: 25 | H9: 37.5 | I9: 0 | J9: Flat
A10: 2022 | B10: 3 | C10: 44926 | D10: 7100000 | E10: 7.1 | F10: 32100000 | G10: 32.1 | H10: 115.15 | I10: 82.05 | J10: Strong Growth
A11: 2022 | B11: 4 | C11: 45016 | D11: 6300000 | E11: 6.3 | F11: 38400000 | G11: 38.4 | H11: -11.27 | I11: 215 | J11: Strong Growth
A12: 2023 | B12: 1 | C12: 45107 | D12: 3300000 | E12: 3.3 | F12: 41700000 | G12: 41.7 | H12: -47.62 | I12: 37.5 | J12: Strong Growth
A13: 2023 | B13: 2 | C13: 45199 | D13: 4900000 | E13: 4.9 | F13: 46600000 | G13: 46.6 | H13: 48.48 | I13: 48.48 | J13: Strong Growth
A14: 2023 | B14: 3 | C14: 45291 | D14: 8200000 | E14: 8.2 | F14: 54800000 | G14: 54.8 | H14: 67.35 | I14: 15.49 | J14: Strong Growth
A15: 2023 | B15: 4 | C15: 45382 | D15: 4500000 | E15: 4.5 | F15: 59300000 | G15: 59.3 | H15: -45.12 | I15: -28.57 | J15: Strong Decline
A16: 2024 | B16: 1 | C16: 45473 | D16: 2400000 | E16: 2.4 | F16: 61700000 | G16: 61.7 | H16: -46.67 | I16: -27.27 | J16: Strong Decline
A17: 2024 | B17: 2 | C17: 45565 | D17: 3800000 | E17: 3.8 | F17: 65500000 | G17: 65.5 | H17: 58.33 | I17: -22.45 | J17: Strong Decline
... A24: 2026 | B24: 1 | C24: 46203 | D24: 1600000 | E24: 1.6 | F24: 95300000 | G24: 95.3 | H24: 6.67 | I24: -36 | J24: Strong Decline

Sheet PS6 Scenario
A1: PS6 Launch Scenario Analysis
A2: Scenario | B2: Length | C2: PS5 Launch Date | D2: Assumption Months | E2: Assumption Date | F2: Note
A3: Average Cycle | B3: =AVERAGE('Console History'!H2:H5) -> 6.29375 | C3: 44155 | D3: =EDATE(B3*12,0) -> 75 | E3: ~February 2027 | F3: All completed cycles
A4: Recent Cycle | B4: =_xlfn.XLOOKUP("PS4 -> PS5",'Console History'!G2:G5,'Console History'!H2:H5) -> 6.9916667 | C4: 44155 | D4: =EDATE(B4*12,0) -> 83 | E4: ~October 2027 | F4: Recent completed cycle
A5: Assumption Cycle | B5: 8 | C5: 44155 | D5: =EDATE(B5*12,0) -> 96 | E5: ~November 2028 | F5: Scenario cycle

Sheet KPI Data
A1: Metric | B1: Value
A2: Total PS5 Units | B2: =SUM('PS5 Quarterly Sales'!D2:D24) -> 95300000
A3: Peak Quarter Units | B3: =MAX('PS5 Quarterly Sales'!D2:D24) -> 9500000
A4: Peak Fiscal Year | B4: =_xlfn.XLOOKUP(B3,'PS5 Quarterly Sales'!D2:D24,'PS5 Quarterly Sales'!A2:A24) -> 2024
A5: Peak Quarter | B5: =_xlfn.XLOOKUP(B3,'PS5 Quarterly Sales'!D2:D24,'PS5 Quarterly Sales'!B2:B24) -> 3
A6: Average Lifecycle | B6: =AVERAGE('Console History'!H2:H6) -> 6.29375
A7: PS5 Real Price | B7: =_xlfn.XLOOKUP("PS5",'Pricing Analysis'!A2:A6,'Pricing Analysis'!E2:E6) -> 621.95
A8: Peak Console Sales | B8: =MAX('Console History'!D2:D6) -> 160
A9: Peak Console | B9: =_xlfn.XLOOKUP(B8,'Console History'!D2:D6,'Console History'!A2:A6) -> PS2

Sheet FYQ3 PivotTable
A1: Fiscal Quarter | B1: 3
A3: Fiscal Year | B3: Sum of Quarterly Sales(M)
A4: 2020 | B4: 4.5
A5: 2021 | B5: 3.9
A6: 2022 | B6: 7.1
A7: 2023 | B7: 8.2
A8: 2024 | B8: 9.5
A9: 2025 | B9: 7.9
A10: Grand Total | B10: 41.1

Sheet Sources
A1: Source | B1: Data | C1: URL
A2: PlayStation History | B2: Console history/release information | C2: https://www.playstation.com/en-us/playstation-history/1994-ps-one/
A3: Sony Investor Relations | B3: Sony financial reporting and supporting business data | C3: https://www.sony.com/en/SonyInfo/IR/
A4: Sony Interactive Entertainment Business Data & Sales | B4: PlayStation console/business figures | C4: https://sonyinteractive.com/en/our-company/business-data-sales/
A5: U.S. Bureau of Labor Statistics CPI | B5: CPI methodology and inflation data | C5: https://www.bls.gov/cpi/
A6: BLS CPI Data | B6: CPI access data; series id: CUUR0000SA0; 1995-2025 | C6: https://data.bls.gov/pdq/SurveyOutputServlet
